Date,Contract Name,Last Trade Date,Strike,Last Price,Bid,Ask,Change,% Change,Volume,Open Interest,Implied Volatility
2021-11-19 00:00:00,AAPL211119C00045000,25327,45.0,114.6,114.75,114.85,1.85,+1.64%,20,8,968.75%
2021-11-19 00:00:00,AAPL211119C00050000,30007,50.0,107.72,109.6,109.75,2.97,+2.84%,170,171,812.50%
2021-11-19 00:00:00,AAPL211119C00100000,28987,100.0,58.5,59.65,59.85,3.5,+6.36%,102,202,346.88%
2021-11-19 00:00:00,AAPL211119C00110000,28987,110.0,48.8,49.75,49.9,0.28,+0.58%,5,120,324.22%
2021-11-19 00:00:00,AAPL211119C00115000,25207,115.0,44.54,44.75,44.75,1.92,+4.50%,10,100,250.00%
2021-11-19 00:00:00,AAPL211119C00125000,25267,125.0,34.69,34.6,34.75,1.84,+5.60%,10,329,192.19%
2021-11-19 00:00:00,AAPL211119C00130000,25327,130.0,29.46,29.7,29.75,1.19,+4.21%,7,3381,143.75%
2021-11-19 00:00:00,AAPL211119C00134000,30727,134.0,23.15,25.6,25.75,-1.05,-4.34%,2,97,142.97%
2021-11-19 00:00:00,AAPL211119C00135000,25207,135.0,24.85,24.6,24.75,2.1,+9.23%,23,473,137.50%
2021-11-19 00:00:00,AAPL211119C00136000,28687,136.0,22.95,23.65,23.75,0.5,+2.23%,17,99,132.03%
2021-11-19 00:00:00,AAPL211119C00137000,28687,137.0,21.95,22.7,22.8,0.7,+3.29%,8,247,126.56%
2021-11-19 00:00:00,AAPL211119C00139000,25387,139.0,20.0,20.75,20.85,1.45,+7.82%,6,355,132.03%
2021-11-19 00:00:00,AAPL211119C00140000,25147,140.0,19.81,19.65,19.75,1.61,+8.85%,390,13076,110.94%
2021-11-19 00:00:00,AAPL211119C00141000,28807,141.0,17.64,18.75,18.9,0.79,+4.69%,1,673,125.39%
2021-11-19 00:00:00,AAPL211119C00142000,25207,142.0,17.91,17.65,17.75,1.83,+11.38%,28,679,100.78%
2021-11-19 00:00:00,AAPL211119C00143000,25327,143.0,16.94,16.65,16.75,2.05,+13.77%,209,1223,95.31%
2021-11-19 00:00:00,AAPL211119C00144000,25327,144.0,15.93,15.65,15.75,2.23,+16.28%,37,1375,89.84%
2021-11-19 00:00:00,AAPL211119C00145000,25147,145.0,14.66,14.75,14.9,1.81,+14.09%,2865,27596,101.56%
2021-11-19 00:00:00,AAPL211119C00146000,25387,146.0,13.17,13.65,13.75,0.68,+5.44%,186,2019,79.69%
2021-11-19 00:00:00,AAPL211119C00147000,25267,147.0,12.85,12.65,12.75,2.0,+18.43%,175,3045,74.22%
2021-11-19 00:00:00,AAPL211119C00148000,25147,148.0,11.7,11.7,11.8,1.85,+18.78%,459,6125,68.75%
2021-11-19 00:00:00,AAPL211119C00149000,25207,149.0,10.68,10.75,10.9,1.81,+20.41%,275,8202,77.34%
2021-11-19 00:00:00,AAPL211119C00150000,25147,150.0,9.82,9.8,9.9,1.97,+25.10%,6574,51881,74.22%
2021-11-19 00:00:00,AAPL211119C00152500,25147,152.5,7.3,7.15,7.25,1.95,+36.45%,6332,32182,44.92%
2021-11-19 00:00:00,AAPL211119C00155000,25147,155.0,4.81,4.75,4.85,1.86,+63.05%,53644,87438,41.80%
2021-11-19 00:00:00,AAPL211119C00157500,25147,157.5,2.34,2.35,2.38,1.29,+122.86%,133226,78264,25.68%
2021-11-19 00:00:00,AAPL211119C00160000,25147,160.0,0.53,0.52,0.53,0.18,+51.43%,300572,125945,19.83%
2021-11-19 00:00:00,AAPL211119C00162500,25147,162.5,0.06,0.05,0.06,-0.07,-53.85%,57921,46418,22.46%
2021-11-19 00:00:00,AAPL211119C00165000,25147,165.0,0.02,0.01,0.02,-0.03,-60.00%,21529,43674,30.47%
2021-11-19 00:00:00,AAPL211119C00167500,25207,167.5,0.01,0.0,0.01,-0.02,-66.67%,2399,5716,38.28%
2021-11-19 00:00:00,AAPL211119C00170000,25207,170.0,0.01,0.0,0.01,-0.01,-50.00%,3152,21769,48.44%
2021-11-19 00:00:00,AAPL211119C00172500,25327,172.5,0.01,0.0,0.01,0.0,-,111,2267,54.69%
2021-11-19 00:00:00,AAPL211119C00175000,25267,175.0,0.01,0.0,0.01,0.0,-,73,11280,62.50%
2021-11-19 00:00:00,AAPL211119C00180000,28927,180.0,0.01,0.0,0.01,0.0,-,8,9049,81.25%
2021-11-19 00:00:00,AAPL211119C00200000,30787,200.0,0.01,0.0,0.01,0.0,-,3,10825,143.75%
2021-11-19 00:00:00,AAPL211119C00215000,30247,215.0,0.01,0.0,0.01,0.0,-,4,863,181.25%
2021-11-26 00:00:00,AAPL211126C00075000,25327,75.0,84.85,84.3,85.35,1.85,+2.23%,1,5,217.19%
2021-11-26 00:00:00,AAPL211126C00110000,28747,110.0,48.8,49.65,49.8,0.65,+1.35%,9,16,87.50%
2021-11-26 00:00:00,AAPL211126C00115000,29707,115.0,42.45,44.75,44.9,0.45,+1.07%,12,29,102.34%
2021-11-26 00:00:00,AAPL211126C00120000,30427,120.0,37.55,39.65,39.85,-0.12,-0.32%,2,447,78.13%
2021-11-26 00:00:00,AAPL211126C00130000,28807,130.0,28.77,29.8,29.95,0.97,+3.49%,34,85,72.27%
2021-11-26 00:00:00,AAPL211126C00132000,28987,132.0,26.5,27.8,27.85,1.7,+6.85%,54,53,63.67%
2021-11-26 00:00:00,AAPL211126C00133000,28987,133.0,25.95,26.65,26.85,3.95,+17.95%,1,165,52.34%
2021-11-26 00:00:00,AAPL211126C00134000,29287,134.0,24.7,25.75,25.9,0.45,+1.86%,67,156,59.38%
2021-11-26 00:00:00,AAPL211126C00135000,25387,135.0,24.35,24.65,24.8,1.61,+7.08%,5,219,54.88%
2021-11-26 00:00:00,AAPL211126C00136000,28807,136.0,22.55,23.65,23.85,4.18,+22.75%,5,363,56.93%
2021-11-26 00:00:00,AAPL211126C00137000,28807,137.0,22.8,22.75,22.85,2.2,+10.68%,24,81,50.78%
2021-11-26 00:00:00,AAPL211126C00138000,28987,138.0,21.8,21.75,21.9,7.9,+56.83%,24,102,50.78%
2021-11-26 00:00:00,AAPL211126C00139000,29107,139.0,19.9,20.7,20.9,1.18,+6.30%,4,97,53.32%
2021-11-26 00:00:00,AAPL211126C00140000,25267,140.0,19.87,19.65,19.9,1.22,+6.54%,177,903,50.98%
2021-11-26 00:00:00,AAPL211126C00141000,25387,141.0,18.5,18.75,18.8,1.0,+5.71%,2,1098,42.58%
2021-11-26 00:00:00,AAPL211126C00142000,25327,142.0,17.85,17.8,17.8,1.5,+9.17%,43,683,40.43%
2021-11-26 00:00:00,AAPL211126C00143000,25267,143.0,16.78,16.7,16.85,1.98,+13.38%,8,375,41.60%
2021-11-26 00:00:00,AAPL211126C00144000,25327,144.0,16.0,15.7,15.85,1.9,+13.48%,63,777,39.45%
2021-11-26 00:00:00,AAPL211126C00145000,25267,145.0,14.76,14.7,14.85,1.81,+13.98%,82,1975,37.21%
2021-11-26 00:00:00,AAPL211126C00146000,25327,146.0,13.93,13.75,13.85,2.03,+17.06%,46,2075,35.06%
2021-11-26 00:00:00,AAPL211126C00147000,25267,147.0,12.75,12.85,12.95,1.85,+16.97%,447,1520,36.91%
2021-11-26 00:00:00,AAPL211126C00148000,25327,148.0,11.99,11.7,11.9,1.92,+19.07%,279,2783,32.72%
2021-11-26 00:00:00,AAPL211126C00149000,25147,149.0,10.88,10.85,11.0,1.83,+20.22%,280,6697,33.64%
2021-11-26 00:00:00,AAPL211126C00150000,25147,150.0,9.95,9.95,10.0,1.8,+22.09%,13641,38428,31.15%
2021-11-26 00:00:00,AAPL211126C00152500,25147,152.5,7.55,7.45,7.55,1.6,+26.89%,2474,15727,25.98%
2021-11-26 00:00:00,AAPL211126C00155000,25147,155.0,5.45,5.4,5.45,1.5,+37.97%,24050,55370,25.68%
2021-11-26 00:00:00,AAPL211126C00157500,25147,157.5,3.55,3.55,3.6,1.02,+40.32%,37504,37348,24.83%
2021-11-26 00:00:00,AAPL211126C00160000,25147,160.0,2.17,2.16,2.19,0.63,+40.91%,123449,70331,24.68%
2021-11-26 00:00:00,AAPL211126C00162500,25147,162.5,1.27,1.25,1.27,0.33,+35.11%,29269,18819,25.34%
2021-11-26 00:00:00,AAPL211126C00165000,25147,165.0,0.73,0.72,0.73,0.16,+28.07%,29736,13968,26.56%
2021-11-26 00:00:00,AAPL211126C00167500,25147,167.5,0.41,0.41,0.42,0.07,+20.59%,3985,3149,27.93%
2021-11-26 00:00:00,AAPL211126C00170000,25147,170.0,0.25,0.23,0.24,0.03,+13.64%,12104,9282,29.30%
2021-11-26 00:00:00,AAPL211126C00172500,25147,172.5,0.15,0.14,0.15,0.01,+7.14%,2145,2468,31.15%
2021-11-26 00:00:00,AAPL211126C00175000,25147,175.0,0.1,0.09,0.1,0.01,+11.11%,2196,3088,33.20%
2021-11-26 00:00:00,AAPL211126C00180000,25147,180.0,0.05,0.05,0.06,0.01,+25.00%,1589,2290,38.28%
2021-11-26 00:00:00,AAPL211126C00185000,25207,185.0,0.03,0.03,0.04,-0.01,-25.00%,557,1335,43.16%
2021-11-26 00:00:00,AAPL211126C00190000,25147,190.0,0.02,0.02,0.03,0.0,-,864,1627,48.05%
2021-11-26 00:00:00,AAPL211126C00195000,25147,195.0,0.01,0.01,0.02,-0.01,-50.00%,345,693,50.39%
2021-11-26 00:00:00,AAPL211126C00200000,25207,200.0,0.02,0.01,0.02,0.0,-,511,949,56.25%
2021-11-26 00:00:00,AAPL211126C00205000,25147,205.0,0.02,0.01,0.02,0.01,+100.00%,315,1220,61.72%
2021-12-03 00:00:00,AAPL211203C00105000,29047,105.0,53.9,54.7,54.85,8.4,+18.46%,1,2,86.72%
2021-12-03 00:00:00,AAPL211203C00110000,28867,110.0,48.65,49.75,49.85,6.07,+14.26%,4,12,81.25%
2021-12-03 00:00:00,AAPL211203C00115000,28807,115.0,43.55,44.65,44.8,7.31,+20.17%,1,18,58.59%
2021-12-03 00:00:00,AAPL211203C00130000,28987,130.0,28.71,29.75,29.85,0.81,+2.90%,21,141,51.56%
2021-12-03 00:00:00,AAPL211203C00135000,30427,135.0,22.7,24.75,24.9,-0.21,-0.92%,2,68,45.80%
2021-12-03 00:00:00,AAPL211203C00137000,25267,137.0,22.7,22.75,22.9,4.8,+26.82%,59,127,42.43%
2021-12-03 00:00:00,AAPL211203C00140000,25267,140.0,19.85,19.75,19.9,1.75,+9.67%,41,434,37.40%
2021-12-03 00:00:00,AAPL211203C00141000,29167,141.0,17.98,18.9,19.05,1.13,+6.71%,5,69,40.33%
2021-12-03 00:00:00,AAPL211203C00142000,25387,142.0,17.37,17.8,17.9,1.32,+8.22%,119,846,34.08%
2021-12-03 00:00:00,AAPL211203C00143000,28927,143.0,15.65,16.85,16.95,0.45,+2.96%,22,237,33.99%
2021-12-03 00:00:00,AAPL211203C00144000,25267,144.0,15.84,15.95,16.05,1.14,+7.76%,4,432,34.86%
2021-12-03 00:00:00,AAPL211203C00145000,25207,145.0,15.08,14.95,15.05,1.31,+9.51%,59,1141,33.01%
2021-12-03 00:00:00,AAPL211203C00146000,25327,146.0,14.05,13.9,14.15,1.25,+9.77%,41,395,33.28%
2021-12-03 00:00:00,AAPL211203C00147000,25147,147.0,13.1,12.9,13.05,1.78,+15.72%,274,1106,29.35%
2021-12-03 00:00:00,AAPL211203C00148000,25147,148.0,12.1,11.95,12.1,1.04,+9.40%,56,1518,28.52%
2021-12-03 00:00:00,AAPL211203C00149000,25147,149.0,11.15,11.15,11.3,1.75,+18.62%,30,2042,29.96%
2021-12-03 00:00:00,AAPL211203C00150000,25147,150.0,10.2,10.1,10.25,1.6,+18.60%,674,14717,27.15%
2021-12-03 00:00:00,AAPL211203C00155000,25147,155.0,6.08,6.05,6.15,1.38,+29.36%,3544,18911,25.68%
2021-12-03 00:00:00,AAPL211203C00160000,25147,160.0,3.0,3.0,3.05,0.75,+33.33%,23838,15444,24.70%
2021-12-03 00:00:00,AAPL211203C00165000,25147,165.0,1.29,1.28,1.29,0.3,+30.30%,5058,7559,24.98%
2021-12-03 00:00:00,AAPL211203C00170000,25147,170.0,0.54,0.54,0.55,0.09,+20.00%,2182,3370,26.71%
2021-12-03 00:00:00,AAPL211203C00175000,25147,175.0,0.26,0.25,0.26,0.05,+23.81%,859,1365,29.15%
2021-12-03 00:00:00,AAPL211203C00180000,25147,180.0,0.14,0.13,0.15,0.01,+7.69%,486,1653,32.37%
2021-12-03 00:00:00,AAPL211203C00185000,25147,185.0,0.09,0.08,0.09,0.01,+12.50%,309,789,35.25%
2021-12-03 00:00:00,AAPL211203C00190000,25327,190.0,0.06,0.05,0.07,0.01,+20.00%,315,1105,39.16%
2021-12-03 00:00:00,AAPL211203C00195000,25327,195.0,0.05,0.04,0.05,0.0,-,33,560,42.19%
2021-12-03 00:00:00,AAPL211203C00200000,25267,200.0,0.04,0.03,0.05,0.0,-,283,904,46.88%
2021-12-03 00:00:00,AAPL211203C00205000,28867,205.0,0.03,0.02,0.03,0.0,-,181,562,48.24%
2021-12-03 00:00:00,AAPL211203C00210000,25327,210.0,0.03,0.02,0.03,0.01,+50.00%,149,897,51.17%
2021-12-10 00:00:00,AAPL211210C00135000,25207,135.0,24.85,24.95,25.1,2.02,+8.85%,112,120,43.56%
2021-12-10 00:00:00,AAPL211210C00139000,25387,139.0,20.4,21.0,21.1,5.12,+33.51%,3,114,37.40%
2021-12-10 00:00:00,AAPL211210C00140000,25387,140.0,19.47,19.85,20.0,1.29,+7.10%,22,181,33.59%
2021-12-10 00:00:00,AAPL211210C00142000,28867,142.0,17.0,18.05,18.2,1.0,+6.25%,81,147,34.67%
2021-12-10 00:00:00,AAPL211210C00143000,28867,143.0,15.78,17.0,17.1,0.98,+6.62%,11,129,31.25%
2021-12-10 00:00:00,AAPL211210C00144000,28867,144.0,15.1,16.1,16.3,0.15,+1.00%,21,139,33.06%
2021-12-10 00:00:00,AAPL211210C00145000,28807,145.0,14.57,15.15,15.3,0.61,+4.37%,9,680,31.40%
2021-12-10 00:00:00,AAPL211210C00146000,25327,146.0,14.36,14.25,14.2,1.87,+14.97%,28,344,28.27%
2021-12-10 00:00:00,AAPL211210C00147000,28747,147.0,12.35,13.2,13.3,0.93,+8.14%,79,267,28.08%
2021-12-10 00:00:00,AAPL211210C00148000,28687,148.0,11.77,12.2,12.4,0.51,+4.53%,60,944,27.69%
2021-12-10 00:00:00,AAPL211210C00149000,25147,149.0,11.45,11.35,11.5,1.64,+16.72%,824,758,27.12%
2021-12-10 00:00:00,AAPL211210C00150000,25147,150.0,10.55,10.55,10.7,1.7,+19.21%,628,2473,27.44%
2021-12-10 00:00:00,AAPL211210C00155000,25147,155.0,6.57,6.55,6.55,1.27,+23.96%,941,5211,24.22%
2021-12-10 00:00:00,AAPL211210C00160000,25147,160.0,3.55,3.55,3.6,0.73,+25.89%,5086,7464,23.90%
2021-12-10 00:00:00,AAPL211210C00165000,25147,165.0,1.76,1.8,1.81,0.36,+25.71%,2097,4795,24.51%
2021-12-10 00:00:00,AAPL211210C00170000,25147,170.0,0.86,0.82,0.83,0.18,+26.47%,1096,2376,25.15%
2021-12-10 00:00:00,AAPL211210C00175000,25207,175.0,0.43,0.41,0.41,0.06,+16.22%,397,1073,26.76%
2021-12-10 00:00:00,AAPL211210C00180000,25147,180.0,0.23,0.22,0.23,0.01,+4.55%,214,643,28.96%
2021-12-10 00:00:00,AAPL211210C00185000,25207,185.0,0.14,0.14,0.15,0.0,-,150,338,31.64%
2021-12-10 00:00:00,AAPL211210C00190000,25147,190.0,0.1,0.09,0.1,-0.01,-9.09%,247,5203,34.08%
2021-12-10 00:00:00,AAPL211210C00195000,25207,195.0,0.07,0.06,0.07,-0.01,-12.50%,110,1139,36.43%
2021-12-10 00:00:00,AAPL211210C00200000,25207,200.0,0.06,0.05,0.06,0.0,-,48,330,39.45%
2021-12-10 00:00:00,AAPL211210C00205000,25267,205.0,0.05,0.03,0.06,0.0,-,135,347,43.16%
2021-12-17 00:00:00,AAPL211217C00100000,25267,100.0,59.7,59.8,60.0,1.7,+2.93%,27,873,79.98%
2021-12-17 00:00:00,AAPL211217C00105000,29227,105.0,53.79,54.7,55.0,4.54,+9.22%,5,108,69.43%
2021-12-17 00:00:00,AAPL211217C00110000,28747,110.0,49.0,49.7,49.85,1.0,+2.08%,37,454,56.64%
2021-12-17 00:00:00,AAPL211217C00115000,25327,115.0,44.9,44.75,44.95,1.4,+3.22%,10,2314,55.96%
2021-12-17 00:00:00,AAPL211217C00120000,25207,120.0,39.99,39.75,39.95,1.55,+4.03%,40,1963,53.96%
2021-12-17 00:00:00,AAPL211217C00125000,25147,125.0,35.06,34.9,35.1,2.26,+6.89%,21,3030,51.76%
2021-12-17 00:00:00,AAPL211217C00130000,25147,130.0,30.0,30.0,30.1,1.95,+6.95%,168,3679,44.82%
2021-12-17 00:00:00,AAPL211217C00135000,25207,135.0,25.15,24.95,25.05,2.0,+8.64%,56,4238,36.96%
2021-12-17 00:00:00,AAPL211217C00140000,25147,140.0,20.29,20.0,20.25,2.04,+11.18%,829,18842,33.84%
2021-12-17 00:00:00,AAPL211217C00145000,25147,145.0,15.45,15.4,15.55,1.9,+14.02%,1599,45941,30.37%
2021-12-17 00:00:00,AAPL211217C00150000,25147,150.0,11.0,10.85,10.9,1.6,+17.02%,9888,118577,25.66%
2021-12-17 00:00:00,AAPL211217C00155000,25147,155.0,7.1,7.0,7.1,1.25,+21.37%,9323,62132,24.59%
2021-12-17 00:00:00,AAPL211217C00160000,25147,160.0,4.21,4.2,4.25,0.86,+25.67%,25317,109743,24.46%
2021-12-17 00:00:00,AAPL211217C00165000,25147,165.0,2.24,2.28,2.29,0.43,+23.76%,15254,34944,24.35%
2021-12-17 00:00:00,AAPL211217C00170000,25147,170.0,1.18,1.17,1.18,0.22,+22.92%,17066,47218,24.88%
2021-12-17 00:00:00,AAPL211217C00175000,25147,175.0,0.61,0.61,0.62,0.08,+15.09%,4760,18805,25.98%
2021-12-17 00:00:00,AAPL211217C00180000,25147,180.0,0.34,0.34,0.35,0.02,+6.25%,2920,6833,27.54%
2021-12-17 00:00:00,AAPL211217C00185000,25147,185.0,0.21,0.21,0.22,0.0,-,2163,5461,29.49%
2021-12-17 00:00:00,AAPL211217C00190000,25147,190.0,0.15,0.14,0.15,0.01,+7.14%,862,7627,31.59%
2021-12-17 00:00:00,AAPL211217C00195000,25147,195.0,0.11,0.1,0.11,0.0,-,612,2007,33.79%
2021-12-17 00:00:00,AAPL211217C00200000,25147,200.0,0.08,0.08,0.09,0.0,-,546,9559,36.33%
2021-12-17 00:00:00,AAPL211217C00205000,25327,205.0,0.08,0.07,0.08,0.01,+14.29%,52,1474,39.06%
2021-12-17 00:00:00,AAPL211217C00210000,25147,210.0,0.06,0.05,0.07,0.0,-,1412,336,41.60%
2021-12-17 00:00:00,AAPL211217C00215000,28747,215.0,0.05,0.04,0.06,0.0,-,306,313,43.75%
2021-12-17 00:00:00,AAPL211217C00220000,25267,220.0,0.03,0.03,0.06,-0.01,-25.00%,20,186,46.68%
2021-12-17 00:00:00,AAPL211217C00225000,29287,225.0,0.04,0.03,0.05,0.01,+33.33%,2,306,48.44%
2021-12-17 00:00:00,AAPL211217C00230000,25147,230.0,0.04,0.02,0.04,0.01,+33.33%,3076,756,50.00%
2021-12-17 00:00:00,AAPL211217C00235000,28987,235.0,0.03,0.02,0.04,0.01,+50.00%,21,524,50.78%
2021-12-17 00:00:00,AAPL211217C00240000,28807,240.0,0.03,0.02,0.03,0.0,-,111,391,52.34%
2021-12-23 00:00:00,AAPL211223C00100000,28927,100.0,58.5,59.75,60.0,4.55,+8.43%,2,8,70.31%
2021-12-23 00:00:00,AAPL211223C00115000,29467,115.0,43.44,44.9,45.05,4.29,+10.96%,1,22,55.66%
2021-12-23 00:00:00,AAPL211223C00120000,29107,120.0,39.11,39.9,40.05,1.74,+4.66%,4,17,51.76%
2021-12-23 00:00:00,AAPL211223C00125000,25207,125.0,35.12,34.85,35.0,1.42,+4.21%,6,11,44.09%
2021-12-23 00:00:00,AAPL211223C00130000,29347,130.0,28.53,29.9,30.2,0.73,+2.63%,2,78,42.51%
2021-12-23 00:00:00,AAPL211223C00137000,25267,137.0,23.09,23.15,23.3,10.44,+82.53%,36,6,35.18%
2021-12-23 00:00:00,AAPL211223C00140000,25147,140.0,20.36,20.3,20.4,2.26,+12.49%,12,5748,32.59%
2021-12-23 00:00:00,AAPL211223C00141000,28867,141.0,18.05,19.15,19.5,1.79,+11.01%,1,38,32.47%
2021-12-23 00:00:00,AAPL211223C00142000,28807,142.0,17.07,18.35,18.55,0.27,+1.61%,22,30,31.67%
2021-12-23 00:00:00,AAPL211223C00143000,25387,143.0,16.87,17.3,17.45,1.3,+8.35%,140,190,29.18%
2021-12-23 00:00:00,AAPL211223C00145000,25207,145.0,15.75,15.55,15.75,1.88,+13.55%,20,8375,29.44%
2021-12-23 00:00:00,AAPL211223C00147000,25387,147.0,13.29,13.7,13.95,1.25,+10.38%,178,44,28.25%
2021-12-23 00:00:00,AAPL211223C00148000,25147,148.0,13.05,12.8,12.9,1.65,+14.47%,129,517,26.32%
2021-12-23 00:00:00,AAPL211223C00149000,25207,149.0,12.07,12.1,12.2,1.57,+14.95%,48,381,27.09%
2021-12-23 00:00:00,AAPL211223C00150000,25207,150.0,11.4,11.25,11.35,1.75,+18.13%,279,16494,26.55%
2021-12-23 00:00:00,AAPL211223C00155000,25147,155.0,7.5,7.5,7.55,1.3,+20.97%,909,13427,24.83%
2021-12-23 00:00:00,AAPL211223C00160000,25147,160.0,4.6,4.6,4.65,0.81,+21.37%,18045,17613,24.25%
2021-12-23 00:00:00,AAPL211223C00165000,25147,165.0,2.6,2.62,2.65,0.49,+23.22%,676,2404,24.13%
2021-12-23 00:00:00,AAPL211223C00170000,25147,170.0,1.45,1.41,1.44,0.25,+20.83%,965,31259,24.46%
2021-12-23 00:00:00,AAPL211223C00175000,25147,175.0,0.79,0.77,0.8,0.03,+3.95%,630,676,25.42%
2021-12-23 00:00:00,AAPL211223C00180000,25147,180.0,0.48,0.45,0.47,0.05,+11.63%,877,358,26.78%
2021-12-23 00:00:00,AAPL211223C00185000,25147,185.0,0.3,0.29,0.31,0.02,+7.14%,633,283,28.66%
2021-12-23 00:00:00,AAPL211223C00190000,25147,190.0,0.2,0.2,0.21,0.01,+5.26%,89,249,30.42%
2021-12-23 00:00:00,AAPL211223C00195000,25147,195.0,0.16,0.14,0.16,0.0,-,37,410,32.57%
2021-12-23 00:00:00,AAPL211223C00200000,25147,200.0,0.12,0.11,0.12,0.0,-,274,987,34.42%
2021-12-31 00:00:00,AAPL211231C00135000,29227,135.0,24.18,25.15,25.35,4.13,+20.60%,3,9,34.89%
2021-12-31 00:00:00,AAPL211231C00140000,25327,140.0,20.6,20.35,20.7,1.3,+6.74%,24,392,32.67%
2021-12-31 00:00:00,AAPL211231C00142000,25327,142.0,18.65,18.55,18.8,1.86,+11.08%,5,27,31.01%
2021-12-31 00:00:00,AAPL211231C00143000,25387,143.0,17.21,17.5,17.85,1.46,+9.27%,9,40,30.13%
2021-12-31 00:00:00,AAPL211231C00144000,28687,144.0,16.0,16.7,17.0,2.0,+14.29%,3,28,30.02%
2021-12-31 00:00:00,AAPL211231C00145000,25327,145.0,16.01,15.8,15.95,1.9,+13.47%,54,303,28.27%
2021-12-31 00:00:00,AAPL211231C00146000,25387,146.0,14.55,14.8,15.2,1.05,+7.78%,2,58,28.77%
2021-12-31 00:00:00,AAPL211231C00147000,25207,147.0,14.31,14.0,14.25,1.51,+11.80%,12,152,27.71%
2021-12-31 00:00:00,AAPL211231C00148000,25207,148.0,13.46,13.3,13.4,1.15,+9.34%,70,336,27.27%
2021-12-31 00:00:00,AAPL211231C00149000,25327,149.0,12.45,12.4,12.5,1.2,+10.67%,16,609,26.44%
2021-12-31 00:00:00,AAPL211231C00150000,25147,150.0,11.64,11.65,11.75,1.14,+10.86%,259,1962,26.45%
2021-12-31 00:00:00,AAPL211231C00155000,25147,155.0,7.96,7.9,8.0,1.13,+16.54%,492,4182,24.68%
2021-12-31 00:00:00,AAPL211231C00160000,25147,160.0,5.2,5.1,5.25,0.95,+22.35%,2031,4542,24.65%
2021-12-31 00:00:00,AAPL211231C00165000,25147,165.0,3.14,3.05,3.1,0.6,+23.62%,919,1959,23.99%
2021-12-31 00:00:00,AAPL211231C00170000,25147,170.0,1.81,1.79,1.84,0.28,+18.30%,924,2458,24.50%
2021-12-31 00:00:00,AAPL211231C00180000,25207,180.0,0.63,0.61,0.64,0.04,+6.78%,360,389,26.09%
2021-12-31 00:00:00,AAPL211231C00185000,25207,185.0,0.42,0.39,0.43,0.01,+2.44%,80,114,27.69%
2021-12-31 00:00:00,AAPL211231C00190000,25207,190.0,0.29,0.26,0.29,-0.02,-6.45%,74,100,29.10%
2021-12-31 00:00:00,AAPL211231C00195000,25147,195.0,0.22,0.2,0.22,0.01,+4.76%,16,113,31.01%
2021-12-31 00:00:00,AAPL211231C00200000,25147,200.0,0.17,0.15,0.17,0.04,+30.77%,221,363,32.76%
2022-01-21 00:00:00,AAPL220121C00032500,28747,32.5,126.5,127.05,127.75,+8.26,+6.99%,8,38,166.02%
2022-01-21 00:00:00,AAPL220121C00041250,28687,41.25,118.0,118.2,119.1,+3.00,+2.61%,3,32,141.60%
2022-01-21 00:00:00,AAPL220121C00050000,25327,50.0,110.0,109.5,110.4,+4.90,+4.66%,172,2691,126.47%
2022-01-21 00:00:00,AAPL220121C00057500,28747,57.5,101.2,101.95,102.75,+0.95,+0.95%,40,290,103.91%
2022-01-21 00:00:00,AAPL220121C00062500,25147,62.5,97.5,96.85,97.55,+5.87,+6.41%,13,1682,109.18%
2022-01-21 00:00:00,AAPL220121C00066250,28747,66.25,92.8,93.7,93.85,+0.65,+0.71%,2,247,101.66%
2022-01-21 00:00:00,AAPL220121C00067500,25207,67.5,92.6,92.35,92.55,+1.80,+1.98%,4,1898,95.61%
2022-01-21 00:00:00,AAPL220121C00070000,29167,70.0,89.0,89.7,89.95,+0.90,+1.02%,1,1439,82.62%
2022-01-21 00:00:00,AAPL220121C00075000,25267,75.0,85.0,84.85,85.1,+2.10,+2.53%,80,4331,86.04%
2022-01-21 00:00:00,AAPL220121C00077500,25387,77.5,82.05,82.4,82.75,+1.45,+1.80%,6,1284,87.01%
2022-01-21 00:00:00,AAPL220121C00080000,25327,80.0,80.0,79.5,79.95,+2.05,+2.63%,2,2828,50.00%
2022-01-21 00:00:00,AAPL220121C00082500,25207,82.5,77.3,77.4,77.6,+2.10,+2.79%,5,2223,77.25%
2022-01-21 00:00:00,AAPL220121C00085000,25327,85.0,75.0,74.8,75.0,+5.60,+8.07%,19,3286,69.43%
2022-01-21 00:00:00,AAPL220121C00087500,25207,87.5,72.62,72.45,72.65,+2.22,+3.15%,2,3785,72.95%
2022-01-21 00:00:00,AAPL220121C00090000,25267,90.0,69.9,69.85,70.15,+1.90,+2.79%,4,9766,68.07%
2022-01-21 00:00:00,AAPL220121C00095000,29287,95.0,63.84,64.9,65.1,+0.54,+0.85%,2,3952,62.35%
2022-01-21 00:00:00,AAPL220121C00100000,25147,100.0,60.1,60.0,60.1,+2.00,+3.44%,333,47821,58.45%
2022-01-21 00:00:00,AAPL220121C00102500,30427,102.5,55.75,57.45,57.65,+0.25,+0.45%,1,2018,55.76%
2022-01-21 00:00:00,AAPL220121C00103750,28687,103.75,55.6,56.3,56.5,+1.60,+2.96%,1,837,56.98%
2022-01-21 00:00:00,AAPL220121C00105000,25327,105.0,55.0,55.1,55.1,+1.00,+1.85%,6,8998,54.44%
2022-01-21 00:00:00,AAPL220121C00106250,30787,106.25,51.64,53.75,54.0,-0.31,-0.60%,2,848,53.71%
2022-01-21 00:00:00,AAPL220121C00107500,28867,107.5,51.05,52.5,52.65,+0.50,+0.99%,3,5886,51.17%
2022-01-21 00:00:00,AAPL220121C00108750,25267,108.75,51.35,51.35,51.5,+1.90,+3.84%,3,1660,52.20%
2022-01-21 00:00:00,AAPL220121C00110000,25207,110.0,50.25,50.15,50.25,+1.25,+2.55%,69,17367,51.37%
2022-01-21 00:00:00,AAPL220121C00111250,28687,111.25,48.09,48.9,49.05,+9.00,+23.02%,8,976,50.54%
2022-01-21 00:00:00,AAPL220121C00112500,25147,112.5,47.63,47.65,47.85,+1.23,+2.65%,59,10838,51.47%
2022-01-21 00:00:00,AAPL220121C00115000,25387,115.0,44.75,45.15,45.35,+0.75,+1.70%,52,8561,48.78%
2022-01-21 00:00:00,AAPL220121C00116250,25207,116.25,43.82,43.85,43.95,+1.62,+3.84%,21,2171,44.87%
2022-01-21 00:00:00,AAPL220121C00117500,28807,117.5,41.3,42.6,42.85,0.00,-,9,3015,46.12%
2022-01-21 00:00:00,AAPL220121C00118750,28687,118.75,40.65,41.45,41.6,+0.65,+1.63%,8,2426,44.82%
2022-01-21 00:00:00,AAPL220121C00120000,25147,120.0,40.25,40.15,40.25,+1.13,+2.89%,491,23746,41.94%
2022-01-21 00:00:00,AAPL220121C00121250,25327,121.25,39.0,39.0,39.65,+1.80,+4.84%,92,4006,48.98%
2022-01-21 00:00:00,AAPL220121C00122500,25387,122.5,37.5,37.8,37.95,+1.40,+3.88%,27,14353,42.31%
2022-01-21 00:00:00,AAPL220121C00125000,25147,125.0,35.34,35.2,35.4,+1.89,+5.65%,249,53592,39.06%
2022-01-21 00:00:00,AAPL220121C00126250,25147,126.25,34.15,34.1,34.3,+1.15,+3.48%,10,4021,39.60%
2022-01-21 00:00:00,AAPL220121C00127500,25267,127.5,32.95,32.8,33.0,+1.91,+6.15%,29,5130,37.72%
2022-01-21 00:00:00,AAPL220121C00128750,25147,128.75,31.85,31.55,31.85,+1.15,+3.75%,6,5180,37.53%
2022-01-21 00:00:00,AAPL220121C00130000,25147,130.0,30.5,30.45,30.65,+1.84,+6.42%,257,64371,36.74%
2022-01-21 00:00:00,AAPL220121C00135000,25147,135.0,25.7,25.6,25.75,+1.80,+7.53%,513,35471,32.40%
2022-01-21 00:00:00,AAPL220121C00140000,25147,140.0,21.08,21.1,21.2,+1.78,+9.22%,5154,60076,30.38%
2022-01-21 00:00:00,AAPL220121C00145000,25147,145.0,16.67,16.75,16.85,+1.62,+10.76%,1477,60469,28.42%
2022-01-21 00:00:00,AAPL220121C00150000,25147,150.0,12.75,12.65,12.7,+1.55,+13.84%,5454,123906,26.14%
2022-01-21 00:00:00,AAPL220121C00155000,25147,155.0,9.33,9.35,9.4,+1.26,+15.61%,6082,45966,25.80%
2022-01-21 00:00:00,AAPL220121C00160000,25147,160.0,6.56,6.55,6.6,+1.01,+18.20%,13951,78770,25.24%
2022-01-21 00:00:00,AAPL220121C00165000,25147,165.0,4.46,4.45,4.45,+0.71,+18.93%,6732,50958,24.95%
2022-01-21 00:00:00,AAPL220121C00170000,25147,170.0,2.96,2.96,2.97,+0.49,+19.84%,16747,65339,25.18%
2022-01-21 00:00:00,AAPL220121C00175000,25147,175.0,1.95,1.91,1.93,+0.31,+18.90%,7017,41530,25.44%
2022-01-21 00:00:00,AAPL220121C00180000,25147,180.0,1.29,1.29,1.3,+0.17,+15.18%,4165,64367,26.18%
2022-01-21 00:00:00,AAPL220121C00185000,25147,185.0,0.89,0.87,0.89,+0.12,+15.58%,2845,16495,27.04%
2022-01-21 00:00:00,AAPL220121C00190000,25147,190.0,0.62,0.62,0.63,+0.05,+8.77%,1216,13188,28.05%
2022-01-21 00:00:00,AAPL220121C00195000,25207,195.0,0.46,0.45,0.47,+0.03,+6.98%,315,9548,29.27%
2022-01-21 00:00:00,AAPL220121C00200000,25147,200.0,0.36,0.35,0.36,+0.03,+9.09%,6034,84334,30.52%
2022-01-21 00:00:00,AAPL220121C00205000,25267,205.0,0.27,0.27,0.28,+0.01,+3.85%,241,4163,31.71%
2022-01-21 00:00:00,AAPL220121C00210000,25147,210.0,0.22,0.22,0.23,0.00,-,281,12841,33.11%
2022-01-21 00:00:00,AAPL220121C00215000,25267,215.0,0.19,0.18,0.19,-0.01,-5.00%,214,922,34.38%
2022-01-21 00:00:00,AAPL220121C00220000,25147,220.0,0.16,0.15,0.16,0.00,-,169,11761,35.65%
2022-01-21 00:00:00,AAPL220121C00225000,25147,225.0,0.13,0.13,0.14,0.00,-,139,14499,37.06%
2022-01-21 00:00:00,AAPL220121C00230000,25327,230.0,0.12,0.11,0.12,0.00,-,5,2167,38.28%
2022-01-21 00:00:00,AAPL220121C00240000,25147,240.0,0.09,0.08,0.09,0.00,-,123,2140,40.53%
2022-01-21 00:00:00,AAPL220121C00250000,25147,250.0,0.06,0.06,0.07,0.00,-,775,57130,42.68%
2022-01-21 00:00:00,AAPL220121C00260000,25147,260.0,0.06,0.05,0.06,+0.01,+20.00%,2405,12927,45.12%
2022-02-18 00:00:00,AAPL220218C00070000,25147,70.0,89.93,89.85,90.1,9.61,+11.96%,3,14,77.93%
2022-02-18 00:00:00,AAPL220218C00075000,25147,75.0,85.0,84.95,85.15,11.64,+15.87%,9,40,74.80%
2022-02-18 00:00:00,AAPL220218C00100000,28807,100.0,59.2,60.15,60.35,0.95,+1.63%,154,868,53.10%
2022-02-18 00:00:00,AAPL220218C00115000,28807,115.0,44.05,45.4,45.65,0.5,+1.15%,3,588,44.36%
2022-02-18 00:00:00,AAPL220218C00120000,25207,120.0,40.8,40.45,40.7,2.06,+5.32%,121,586,40.19%
2022-02-18 00:00:00,AAPL220218C00125000,25387,125.0,35.0,35.8,35.95,0.15,+0.43%,24,828,37.74%
2022-02-18 00:00:00,AAPL220218C00130000,25147,130.0,31.2,31.05,31.15,1.85,+6.30%,81,1562,34.52%
2022-02-18 00:00:00,AAPL220218C00135000,25207,135.0,26.75,26.55,26.7,1.27,+4.98%,17,1097,33.09%
2022-02-18 00:00:00,AAPL220218C00140000,25147,140.0,22.25,22.25,22.3,1.45,+6.97%,384,2812,31.06%
2022-02-18 00:00:00,AAPL220218C00145000,25147,145.0,18.3,18.25,18.35,1.48,+8.80%,219,4854,30.12%
2022-02-18 00:00:00,AAPL220218C00150000,25147,150.0,14.6,14.6,14.65,1.3,+9.77%,949,14413,28.94%
2022-02-18 00:00:00,AAPL220218C00155000,25147,155.0,11.47,11.35,11.5,1.12,+10.82%,941,11869,28.40%
2022-02-18 00:00:00,AAPL220218C00160000,25147,160.0,8.84,8.8,8.85,0.91,+11.48%,2543,9838,28.10%
2022-02-18 00:00:00,AAPL220218C00165000,25147,165.0,6.65,6.65,6.7,0.65,+10.83%,1651,9606,28.00%
2022-02-18 00:00:00,AAPL220218C00170000,25147,170.0,4.95,4.95,5.0,0.5,+11.24%,2985,58075,28.03%
2022-02-18 00:00:00,AAPL220218C00175000,25147,175.0,3.75,3.7,3.75,0.4,+11.94%,813,13028,28.38%
2022-02-18 00:00:00,AAPL220218C00180000,25147,180.0,2.75,2.74,2.77,0.28,+11.34%,882,5392,28.65%
2022-02-18 00:00:00,AAPL220218C00185000,25147,185.0,2.05,2.02,2.06,0.18,+9.63%,966,3881,29.07%
2022-02-18 00:00:00,AAPL220218C00190000,25147,190.0,1.59,1.51,1.56,0.16,+11.19%,713,3112,29.68%
2022-02-18 00:00:00,AAPL220218C00195000,25327,195.0,1.21,1.16,1.2,0.0,-,91,567,30.37%
2022-02-18 00:00:00,AAPL220218C00200000,25207,200.0,0.9,0.89,0.94,0.01,+1.12%,333,1789,31.15%
2022-02-18 00:00:00,AAPL220218C00205000,25207,205.0,0.73,0.7,0.74,-0.03,-3.95%,350,5107,31.89%
2022-02-18 00:00:00,AAPL220218C00210000,25207,210.0,0.59,0.56,0.6,-0.02,-3.28%,32,1357,32.76%
2022-02-18 00:00:00,AAPL220218C00215000,25267,215.0,0.47,0.45,0.49,-0.03,-6.00%,81,589,33.59%
2022-02-18 00:00:00,AAPL220218C00220000,25267,220.0,0.38,0.37,0.4,0.0,-,20,1452,34.38%
2022-02-18 00:00:00,AAPL220218C00225000,25207,225.0,0.32,0.33,0.34,0.0,-,49,977,35.30%
2022-02-18 00:00:00,AAPL220218C00230000,28747,230.0,0.27,0.27,0.29,-0.01,-3.57%,168,1713,36.21%
2022-02-18 00:00:00,AAPL220218C00240000,25147,240.0,0.21,0.18,0.22,0.0,-,16,124,38.04%
2022-02-18 00:00:00,AAPL220218C00245000,28927,245.0,0.17,0.16,0.2,-0.01,-5.56%,567,57,39.11%
2022-02-18 00:00:00,AAPL220218C00250000,25267,250.0,0.14,0.13,0.18,-0.02,-12.50%,8,294,40.04%
2022-02-18 00:00:00,AAPL220218C00255000,25207,255.0,0.14,0.13,0.16,0.0,-,11,69,40.87%
2022-02-18 00:00:00,AAPL220218C00260000,25327,260.0,0.12,0.12,0.14,0.0,-,206,765,41.60%
2022-03-18 00:00:00,AAPL220318C00070000,25147,70.0,89.95,89.8,90.0,5.45,+6.45%,3,23,65.82%
2022-03-18 00:00:00,AAPL220318C00075000,25147,75.0,85.01,84.95,85.2,1.24,+1.48%,9,317,66.75%
2022-03-18 00:00:00,AAPL220318C00090000,28807,90.0,69.0,70.0,70.2,4.0,+6.15%,2,1375,52.69%
2022-03-18 00:00:00,AAPL220318C00100000,25327,100.0,60.35,60.25,60.45,1.8,+3.07%,7,1144,49.68%
2022-03-18 00:00:00,AAPL220318C00105000,28807,105.0,54.0,55.3,55.5,0.44,+0.82%,26,1310,45.90%
2022-03-18 00:00:00,AAPL220318C00110000,28807,110.0,49.06,50.5,50.7,-0.31,-0.63%,7,5503,43.74%
2022-03-18 00:00:00,AAPL220318C00115000,25387,115.0,45.15,45.5,45.7,1.87,+4.32%,25,5028,39.45%
2022-03-18 00:00:00,AAPL220318C00120000,25387,120.0,40.4,40.8,41.0,1.4,+3.59%,10,1861,37.73%
2022-03-18 00:00:00,AAPL220318C00125000,25267,125.0,36.14,35.75,36.25,1.15,+3.29%,9,1373,35.19%
2022-03-18 00:00:00,AAPL220318C00130000,25207,130.0,31.8,31.6,31.7,1.42,+4.67%,232,3602,33.47%
2022-03-18 00:00:00,AAPL220318C00135000,25147,135.0,27.2,27.2,27.35,1.65,+6.46%,851,2877,32.12%
2022-03-18 00:00:00,AAPL220318C00140000,25207,140.0,23.15,23.0,23.15,1.65,+7.67%,133,7104,30.66%
2022-03-18 00:00:00,AAPL220318C00145000,25207,145.0,19.37,19.25,19.35,1.57,+8.82%,404,8744,29.86%
2022-03-18 00:00:00,AAPL220318C00150000,25147,150.0,15.75,15.7,15.85,1.25,+8.62%,326,23382,29.06%
2022-03-18 00:00:00,AAPL220318C00155000,25147,155.0,12.75,12.65,12.75,1.1,+9.44%,451,11821,28.45%
2022-03-18 00:00:00,AAPL220318C00160000,25147,160.0,10.09,10.1,10.2,0.93,+10.15%,2093,18667,28.33%
2022-03-18 00:00:00,AAPL220318C00165000,25147,165.0,7.96,7.9,7.95,0.78,+10.86%,794,10313,28.00%
2022-03-18 00:00:00,AAPL220318C00170000,25147,170.0,6.15,6.15,6.25,0.55,+9.82%,852,9472,28.19%
2022-03-18 00:00:00,AAPL220318C00175000,25147,175.0,4.75,4.75,4.85,0.4,+9.20%,646,6775,28.32%
2022-03-18 00:00:00,AAPL220318C00180000,25147,180.0,3.67,3.6,3.75,0.22,+6.38%,384,7093,28.53%
2022-03-18 00:00:00,AAPL220318C00185000,25267,185.0,2.83,2.8,2.88,0.21,+8.02%,165,3090,28.74%
2022-03-18 00:00:00,AAPL220318C00190000,25267,190.0,2.26,2.17,2.24,0.16,+7.62%,152,3788,29.13%
2022-03-18 00:00:00,AAPL220318C00195000,25387,195.0,1.71,1.7,1.74,0.06,+3.64%,78,978,29.51%
2022-03-18 00:00:00,AAPL220318C00200000,25147,200.0,1.37,1.34,1.37,0.07,+5.38%,251,3326,29.98%
2022-03-18 00:00:00,AAPL220318C00205000,25147,205.0,1.09,1.07,1.1,0.0,-,41,1573,30.58%
2022-03-18 00:00:00,AAPL220318C00210000,28687,210.0,0.87,0.87,0.92,-0.03,-3.33%,15,2106,31.41%
2022-03-18 00:00:00,AAPL220318C00215000,25327,215.0,0.75,0.71,0.75,-0.01,-1.32%,91,1434,32.00%
2022-03-18 00:00:00,AAPL220318C00220000,29947,220.0,0.63,0.59,0.63,0.01,+1.61%,10,2258,32.72%
2022-03-18 00:00:00,AAPL220318C00230000,25147,230.0,0.44,0.43,0.45,0.0,-,317,882,34.08%
2022-04-14 00:00:00,AAPL220414C00065000,28867,65.0,93.95,94.9,95.1,7.76,+9.00%,6,4,68.46%
2022-04-14 00:00:00,AAPL220414C00100000,25387,100.0,59.75,60.25,60.45,1.5,+2.58%,1,440,44.95%
2022-04-14 00:00:00,AAPL220414C00105000,28807,105.0,54.1,55.5,55.7,3.98,+7.94%,21,142,43.58%
2022-04-14 00:00:00,AAPL220414C00115000,28747,115.0,45.4,45.9,46.1,4.75,+11.69%,2,853,38.78%
2022-04-14 00:00:00,AAPL220414C00130000,25147,130.0,32.37,32.1,32.35,1.67,+5.44%,10,1385,33.28%
2022-04-14 00:00:00,AAPL220414C00135000,28687,135.0,27.34,27.85,28.05,0.19,+0.70%,14,1768,31.80%
2022-04-14 00:00:00,AAPL220414C00140000,25147,140.0,23.99,23.95,24.1,1.39,+6.15%,516,3231,30.96%
2022-04-14 00:00:00,AAPL220414C00145000,25147,145.0,20.3,20.25,20.35,1.4,+7.41%,320,2703,30.00%
2022-04-14 00:00:00,AAPL220414C00150000,25147,150.0,17.0,16.85,16.95,1.25,+7.94%,786,3343,29.27%
2022-04-14 00:00:00,AAPL220414C00155000,25147,155.0,13.91,13.8,13.9,1.06,+8.25%,375,4951,28.65%
2022-04-14 00:00:00,AAPL220414C00160000,25147,160.0,11.2,11.2,11.3,0.85,+8.21%,738,4360,28.33%
2022-04-14 00:00:00,AAPL220414C00165000,25147,165.0,9.11,9.0,9.15,0.74,+8.84%,272,3153,28.28%
2022-04-14 00:00:00,AAPL220414C00170000,25147,170.0,7.25,7.2,7.3,0.5,+7.41%,257,3417,28.17%
2022-04-14 00:00:00,AAPL220414C00175000,25147,175.0,5.75,5.75,5.85,0.24,+4.36%,190,2786,28.33%
2022-04-14 00:00:00,AAPL220414C00180000,25207,180.0,4.63,4.5,4.65,0.43,+10.24%,115,2865,28.46%
2022-04-14 00:00:00,AAPL220414C00185000,25267,185.0,3.6,3.55,3.65,0.24,+7.14%,89,959,28.52%
2022-04-14 00:00:00,AAPL220414C00190000,25207,190.0,2.91,2.85,2.93,0.16,+5.82%,55,3516,28.89%
2022-04-14 00:00:00,AAPL220414C00195000,25267,195.0,2.3,2.28,2.34,0.1,+4.55%,26,2160,29.21%
2022-04-14 00:00:00,AAPL220414C00200000,25147,200.0,1.88,1.84,1.89,0.0,-,47,2537,29.62%
2022-04-14 00:00:00,AAPL220414C00205000,25267,205.0,1.52,1.5,1.55,0.08,+5.56%,48,358,30.13%
2022-04-14 00:00:00,AAPL220414C00210000,28807,210.0,1.16,1.22,1.28,-0.07,-5.69%,8,462,30.65%
2022-04-14 00:00:00,AAPL220414C00215000,30007,215.0,1.02,1.01,1.07,-0.01,-0.97%,1,42,31.21%
2022-04-14 00:00:00,AAPL220414C00220000,28867,220.0,0.83,0.85,0.9,-0.07,-7.78%,5,259,31.79%
2022-04-14 00:00:00,AAPL220414C00225000,25327,225.0,0.78,0.73,0.77,0.13,+20.00%,117,141,32.41%
2022-04-14 00:00:00,AAPL220414C00235000,28867,235.0,0.55,0.55,0.58,-0.02,-3.51%,62,301,33.70%
2022-04-14 00:00:00,AAPL220414C00245000,28867,245.0,0.43,0.4,0.45,0.03,+7.50%,1,56,34.99%
2022-04-14 00:00:00,AAPL220414C00250000,25207,250.0,0.38,0.38,0.4,-0.01,-2.56%,161,2813,35.62%
2022-05-20 00:00:00,AAPL220520C00095000,28867,95.0,64.5,65.35,65.7,2.0,+3.20%,1,41,46.67%
2022-05-20 00:00:00,AAPL220520C00115000,30187,115.0,45.05,46.4,46.65,0.58,+1.30%,1,35,38.00%
2022-05-20 00:00:00,AAPL220520C00120000,25267,120.0,41.75,41.7,42.35,1.55,+3.86%,7,784,37.60%
2022-05-20 00:00:00,AAPL220520C00125000,25327,125.0,37.45,37.3,37.55,2.2,+6.24%,3,29,34.51%
2022-05-20 00:00:00,AAPL220520C00130000,25327,130.0,33.12,33.1,33.25,0.98,+3.05%,2,1607,33.22%
2022-05-20 00:00:00,AAPL220520C00135000,25327,135.0,29.1,29.0,29.2,1.7,+6.20%,6,338,32.28%
2022-05-20 00:00:00,AAPL220520C00140000,25147,140.0,25.2,25.2,25.35,1.26,+5.26%,6,237,31.37%
2022-05-20 00:00:00,AAPL220520C00145000,25387,145.0,21.26,21.65,21.75,0.82,+4.01%,26,421,30.54%
2022-05-20 00:00:00,AAPL220520C00150000,25327,150.0,18.52,18.35,18.5,1.22,+7.05%,24,2671,29.97%
2022-05-20 00:00:00,AAPL220520C00155000,25207,155.0,15.5,15.35,15.5,1.15,+8.01%,113,916,29.33%
2022-05-20 00:00:00,AAPL220520C00160000,25147,160.0,12.94,12.85,12.95,0.94,+7.83%,217,1248,29.06%
2022-05-20 00:00:00,AAPL220520C00165000,25147,165.0,10.75,10.65,10.75,0.7,+6.97%,85,1184,28.90%
2022-05-20 00:00:00,AAPL220520C00170000,25207,170.0,8.81,8.75,8.85,0.66,+8.10%,112,1042,28.78%
2022-05-20 00:00:00,AAPL220520C00175000,25207,175.0,7.35,7.25,7.3,0.57,+8.41%,46,937,28.85%
2022-05-20 00:00:00,AAPL220520C00180000,25147,180.0,5.99,5.9,6.0,0.44,+7.93%,80,6237,28.94%
2022-05-20 00:00:00,AAPL220520C00185000,25267,185.0,4.86,4.8,4.95,0.26,+5.65%,40,235,29.15%
2022-05-20 00:00:00,AAPL220520C00190000,28867,190.0,3.74,3.95,4.05,-0.06,-1.58%,8,536,29.29%
2022-05-20 00:00:00,AAPL220520C00195000,25327,195.0,3.32,3.25,3.35,0.15,+4.73%,37,777,29.58%
2022-05-20 00:00:00,AAPL220520C00200000,25147,200.0,2.75,2.7,2.75,0.06,+2.23%,14,963,29.79%
2022-05-20 00:00:00,AAPL220520C00210000,25147,210.0,1.9,1.87,1.91,0.04,+2.15%,15,400,30.46%
2022-05-20 00:00:00,AAPL220520C00220000,28687,220.0,1.34,1.33,1.39,-0.04,-2.90%,116,1052,31.40%
2022-06-17 00:00:00,AAPL220617C00062500,28867,62.5,96.5,97.4,97.65,+4.40,+4.78%,3,6121,60.01%
2022-06-17 00:00:00,AAPL220617C00065000,25327,65.0,95.0,94.9,95.15,+2.00,+2.15%,7,2207,57.72%
2022-06-17 00:00:00,AAPL220617C00070000,25327,70.0,90.0,90.0,90.2,+2.00,+2.27%,2,6418,55.08%
2022-06-17 00:00:00,AAPL220617C00075000,25207,75.0,85.13,85.0,85.3,+5.63,+7.08%,1,16851,51.88%
2022-06-17 00:00:00,AAPL220617C00087500,28867,87.5,71.9,72.8,73.1,+0.37,+0.52%,4,3168,48.19%
2022-06-17 00:00:00,AAPL220617C00100000,25147,100.0,60.91,60.85,61.1,+1.92,+3.25%,11,16831,43.01%
2022-06-17 00:00:00,AAPL220617C00106250,28867,106.25,53.72,54.9,55.15,+0.47,+0.88%,1,1248,40.36%
2022-06-17 00:00:00,AAPL220617C00108750,30367,108.75,50.7,52.5,52.75,+0.31,+0.62%,2,388,39.10%
2022-06-17 00:00:00,AAPL220617C00110000,25387,110.0,51.0,51.3,51.55,+1.30,+2.62%,11,9931,38.48%
2022-06-17 00:00:00,AAPL220617C00113750,28747,113.75,47.2,47.85,48.15,+1.15,+2.50%,1,490,37.57%
2022-06-17 00:00:00,AAPL220617C00115000,25147,115.0,46.85,46.75,47.0,+1.60,+3.54%,2,8862,37.13%
2022-06-17 00:00:00,AAPL220617C00118750,25327,118.75,43.45,43.35,43.55,+1.20,+2.84%,2,734,35.73%
2022-06-17 00:00:00,AAPL220617C00120000,28747,120.0,42.5,42.25,42.45,+1.30,+3.16%,695,15871,35.44%
2022-06-17 00:00:00,AAPL220617C00125000,25147,125.0,37.98,37.85,38.05,+0.98,+2.65%,26,9841,34.03%
2022-06-17 00:00:00,AAPL220617C00130000,25147,130.0,33.65,33.7,33.9,+1.05,+3.22%,169,9996,33.08%
2022-06-17 00:00:00,AAPL220617C00135000,25267,135.0,29.72,29.6,29.9,+1.47,+5.20%,271,12937,32.10%
2022-06-17 00:00:00,AAPL220617C00140000,25147,140.0,26.0,25.95,26.1,+1.45,+5.91%,758,27522,31.17%
2022-06-17 00:00:00,AAPL220617C00145000,25147,145.0,22.47,22.5,22.65,+0.71,+3.26%,165,14425,30.60%
2022-06-17 00:00:00,AAPL220617C00150000,25147,150.0,19.42,19.3,19.4,+1.27,+7.00%,382,24897,29.92%
2022-06-17 00:00:00,AAPL220617C00155000,25207,155.0,16.43,16.4,16.5,+1.03,+6.69%,862,12191,29.44%
2022-06-17 00:00:00,AAPL220617C00160000,25147,160.0,13.96,13.9,14.0,+0.96,+7.38%,1286,24102,29.24%
2022-06-17 00:00:00,AAPL220617C00165000,25207,165.0,11.82,11.65,11.8,+0.53,+4.69%,588,14626,29.08%
2022-06-17 00:00:00,AAPL220617C00170000,25147,170.0,9.88,9.75,9.9,+0.73,+7.98%,210,17755,29.00%
2022-06-17 00:00:00,AAPL220617C00175000,25147,175.0,8.2,8.15,8.25,+0.44,+5.67%,243,15756,28.93%
2022-06-17 00:00:00,AAPL220617C00180000,25207,180.0,6.8,6.8,6.9,+0.05,+0.74%,970,18081,29.02%
2022-06-17 00:00:00,AAPL220617C00185000,25267,185.0,5.66,5.65,5.75,+0.06,+1.07%,293,4874,29.11%
2022-06-17 00:00:00,AAPL220617C00190000,25207,190.0,4.8,4.7,4.8,+0.38,+8.60%,58,11461,29.26%
2022-06-17 00:00:00,AAPL220617C00195000,25327,195.0,4.0,3.9,4.0,+0.10,+2.56%,11,2946,29.41%
2022-06-17 00:00:00,AAPL220617C00200000,25207,200.0,3.35,3.25,3.35,+0.20,+6.35%,578,15597,29.63%
2022-06-17 00:00:00,AAPL220617C00210000,25267,210.0,2.38,2.34,2.38,-0.02,-0.83%,197,2510,30.18%
2022-06-17 00:00:00,AAPL220617C00220000,28987,220.0,1.7,1.71,1.74,0.00,-,76,1173,30.90%
2022-06-17 00:00:00,AAPL220617C00225000,25207,225.0,1.51,1.47,1.5,+0.08,+5.59%,293,3463,31.28%
2022-06-17 00:00:00,AAPL220617C00230000,25267,230.0,1.29,1.28,1.31,+0.05,+4.03%,67,1211,31.73%
2022-06-17 00:00:00,AAPL220617C00240000,25327,240.0,1.01,0.98,1.01,-0.04,-3.81%,23,881,32.59%
2022-06-17 00:00:00,AAPL220617C00250000,25267,250.0,0.8,0.79,0.8,+0.03,+3.90%,1104,13590,33.51%
2022-06-17 00:00:00,AAPL220617C00260000,25147,260.0,0.64,0.63,0.66,-0.05,-7.25%,35,13166,34.55%
2022-09-16 00:00:00,AAPL220916C00062500,25327,62.5,97.5,97.5,97.8,+8.71,+9.81%,1,773,52.30%
2022-09-16 00:00:00,AAPL220916C00085000,29107,85.0,75.0,75.6,75.95,+0.87,+1.17%,6,528,44.76%
2022-09-16 00:00:00,AAPL220916C00087500,25207,87.5,73.5,73.25,73.5,+5.70,+8.41%,11,2252,43.38%
2022-09-16 00:00:00,AAPL220916C00090000,25327,90.0,71.13,70.9,71.2,+1.63,+2.35%,5,6757,43.08%
2022-09-16 00:00:00,AAPL220916C00100000,25147,100.0,61.51,61.4,61.8,+1.11,+1.84%,36,5286,39.72%
2022-09-16 00:00:00,AAPL220916C00105000,25267,105.0,56.88,56.9,57.15,+0.86,+1.54%,15,2039,38.03%
2022-09-16 00:00:00,AAPL220916C00110000,25207,110.0,52.47,52.4,52.65,+0.96,+1.86%,18,3058,36.76%
2022-09-16 00:00:00,AAPL220916C00112500,25327,112.5,50.35,50.15,50.4,+1.35,+2.76%,1,2894,36.02%
2022-09-16 00:00:00,AAPL220916C00115000,25387,115.0,47.8,47.9,48.2,+0.96,+2.05%,22,3102,35.41%
2022-09-16 00:00:00,AAPL220916C00117500,25387,117.5,45.27,45.7,45.95,+0.27,+0.60%,3,3579,34.56%
2022-09-16 00:00:00,AAPL220916C00120000,25207,120.0,43.65,43.65,43.95,+1.05,+2.46%,10,3860,34.44%
2022-09-16 00:00:00,AAPL220916C00122500,25207,122.5,41.6,41.5,41.8,+1.60,+4.00%,8,2934,33.76%
2022-09-16 00:00:00,AAPL220916C00125000,25327,125.0,39.79,39.6,39.8,+1.74,+4.57%,70,23353,33.42%
2022-09-16 00:00:00,AAPL220916C00130000,25147,130.0,35.75,35.6,35.8,+1.38,+4.02%,290,14738,32.47%
2022-09-16 00:00:00,AAPL220916C00135000,25327,135.0,31.75,31.85,32.0,+1.23,+4.03%,88,4920,31.64%
2022-09-16 00:00:00,AAPL220916C00140000,25207,140.0,28.35,28.3,28.5,+1.35,+5.00%,105,12334,31.09%
2022-09-16 00:00:00,AAPL220916C00145000,25207,145.0,25.28,25.1,25.25,+1.26,+5.25%,103,6019,30.64%
2022-09-16 00:00:00,AAPL220916C00150000,25147,150.0,22.1,22.1,22.25,+0.60,+2.79%,151,19274,30.25%
2022-09-16 00:00:00,AAPL220916C00155000,25267,155.0,19.3,19.35,19.5,+1.03,+5.64%,589,7340,29.92%
2022-09-16 00:00:00,AAPL220916C00160000,25147,160.0,16.9,16.8,17.0,+0.88,+5.49%,806,21543,29.62%
2022-09-16 00:00:00,AAPL220916C00165000,25207,165.0,14.74,14.6,14.7,+0.66,+4.69%,638,8143,29.29%
2022-09-16 00:00:00,AAPL220916C00170000,25147,170.0,12.75,12.65,12.8,+0.73,+6.07%,147,11714,29.27%
2022-09-16 00:00:00,AAPL220916C00175000,25207,175.0,11.13,11.0,11.1,+0.33,+3.06%,205,10586,29.24%
2022-09-16 00:00:00,AAPL220916C00180000,25147,180.0,9.55,9.5,9.6,+0.57,+6.35%,28,16697,29.23%
2022-09-16 00:00:00,AAPL220916C00185000,25207,185.0,8.22,8.2,8.3,+0.47,+6.06%,10,3883,29.26%
2022-09-16 00:00:00,AAPL220916C00190000,25147,190.0,7.15,7.1,7.2,+0.35,+5.15%,37,5962,29.37%
2022-09-16 00:00:00,AAPL220916C00195000,25387,195.0,6.01,6.1,6.25,-0.08,-1.31%,28,2176,29.50%
2022-09-16 00:00:00,AAPL220916C00200000,25207,200.0,5.25,5.25,5.4,+0.25,+5.00%,386,11008,29.58%
2022-09-16 00:00:00,AAPL220916C00210000,25207,210.0,4.05,3.95,4.05,+0.06,+1.50%,136,3476,29.83%
2022-09-16 00:00:00,AAPL220916C00220000,28987,220.0,3.05,3.0,3.1,-0.05,-1.61%,14,1128,30.26%
2022-09-16 00:00:00,AAPL220916C00225000,29527,225.0,2.62,2.66,2.74,0.00,-,7,4027,30.54%
2022-09-16 00:00:00,AAPL220916C00230000,25327,230.0,2.39,2.36,2.41,+0.11,+4.82%,2,2588,30.76%
2022-09-16 00:00:00,AAPL220916C00240000,25327,240.0,1.9,1.86,1.91,+0.53,+38.69%,2,749,31.34%
2022-09-16 00:00:00,AAPL220916C00250000,25207,250.0,1.54,1.5,1.56,+0.06,+4.05%,360,33020,32.06%
2022-09-16 00:00:00,AAPL220916C00260000,25147,260.0,1.24,1.24,1.27,-0.01,-0.80%,131,2622,32.67%
2023-01-20 00:00:00,AAPL230120C00050000,28987,50.0,109.0,109.95,110.35,1.25,+1.16%,2,2085,53.59%
2023-01-20 00:00:00,AAPL230120C00070000,28747,70.0,90.0,90.55,90.9,5.3,+6.26%,4,2429,47.08%
2023-01-20 00:00:00,AAPL230120C00080000,28687,80.0,80.5,80.95,81.35,1.38,+1.74%,8,4442,43.35%
2023-01-20 00:00:00,AAPL230120C00085000,25327,85.0,76.75,76.25,76.6,1.85,+2.47%,2,9802,41.50%
2023-01-20 00:00:00,AAPL230120C00090000,29107,90.0,71.0,71.6,72.1,0.93,+1.33%,3,6068,40.76%
2023-01-20 00:00:00,AAPL230120C00100000,25387,100.0,62.45,62.65,63.0,1.45,+2.38%,51,17136,38.03%
2023-01-20 00:00:00,AAPL230120C00110000,25267,110.0,53.95,53.95,54.15,1.06,+2.00%,33,7992,35.44%
2023-01-20 00:00:00,AAPL230120C00115000,25207,115.0,50.05,49.8,50.1,1.2,+2.46%,21,8488,34.87%
2023-01-20 00:00:00,AAPL230120C00120000,25147,120.0,46.1,45.8,46.1,1.85,+4.18%,43,20582,34.11%
2023-01-20 00:00:00,AAPL230120C00125000,25147,125.0,42.1,41.9,42.15,1.05,+2.56%,102,15879,33.20%
2023-01-20 00:00:00,AAPL230120C00130000,25147,130.0,38.5,38.3,38.55,1.65,+4.48%,110,18367,32.75%
2023-01-20 00:00:00,AAPL230120C00135000,25147,135.0,34.78,34.75,35.0,1.33,+3.98%,55,9526,32.09%
2023-01-20 00:00:00,AAPL230120C00140000,25147,140.0,31.52,31.45,31.65,1.37,+4.54%,560,17725,31.51%
2023-01-20 00:00:00,AAPL230120C00145000,25147,145.0,28.4,28.25,28.5,1.3,+4.80%,105,14086,30.99%
2023-01-20 00:00:00,AAPL230120C00150000,25147,150.0,25.5,25.45,25.65,1.0,+4.08%,511,30972,30.66%
2023-01-20 00:00:00,AAPL230120C00155000,25147,155.0,23.03,22.75,22.95,1.23,+5.64%,330,11604,30.29%
2023-01-20 00:00:00,AAPL230120C00160000,25147,160.0,20.4,20.35,20.5,1.0,+5.15%,358,14137,30.01%
2023-01-20 00:00:00,AAPL230120C00165000,25147,165.0,18.24,18.1,18.3,0.8,+4.59%,105,14480,29.82%
2023-01-20 00:00:00,AAPL230120C00170000,25267,170.0,16.28,16.1,16.35,0.83,+5.37%,51,8936,29.74%
2023-01-20 00:00:00,AAPL230120C00175000,25147,175.0,14.55,14.4,14.55,0.8,+5.82%,216,6713,29.63%
2023-01-20 00:00:00,AAPL230120C00180000,25147,180.0,12.85,12.8,12.95,0.6,+4.90%,1282,21152,29.58%
2023-01-20 00:00:00,AAPL230120C00185000,25147,185.0,11.5,11.4,11.5,0.71,+6.58%,2901,5728,29.52%
2023-01-20 00:00:00,AAPL230120C00190000,25147,190.0,10.15,10.1,10.25,0.15,+1.50%,116,14352,29.55%
2023-01-20 00:00:00,AAPL230120C00195000,25327,195.0,9.1,8.95,9.1,0.5,+5.81%,54,8386,29.54%
2023-01-20 00:00:00,AAPL230120C00200000,25147,200.0,8.07,7.95,8.05,0.47,+6.18%,608,36469,29.50%
2023-01-20 00:00:00,AAPL230120C00210000,25207,210.0,6.41,6.3,6.45,0.24,+3.89%,24,7254,29.76%
2023-01-20 00:00:00,AAPL230120C00220000,25147,220.0,5.05,5.0,5.1,0.25,+5.21%,200,23643,29.85%
2023-01-20 00:00:00,AAPL230120C00230000,25267,230.0,4.08,4.0,4.1,0.23,+5.97%,2763,5850,30.11%
2023-01-20 00:00:00,AAPL230120C00240000,25327,240.0,3.35,3.2,3.35,0.05,+1.52%,73,3416,30.48%
2023-01-20 00:00:00,AAPL230120C00250000,25207,250.0,2.7,2.67,2.73,0.14,+5.47%,36,17503,30.77%
2023-01-20 00:00:00,AAPL230120C00260000,25147,260.0,2.23,2.16,2.25,0.07,+3.24%,134,13920,31.11%
2023-03-17 00:00:00,AAPL230317C00060000,25387,60.0,100.0,100.1,100.8,8.22,+8.96%,1,199,50.54%
2023-03-17 00:00:00,AAPL230317C00080000,25327,80.0,81.5,81.1,81.6,9.55,+13.27%,2,1432,42.07%
2023-03-17 00:00:00,AAPL230317C00085000,25267,85.0,76.8,76.45,77.1,10.17,+15.26%,1,431,41.36%
2023-03-17 00:00:00,AAPL230317C00090000,25207,90.0,72.1,71.9,72.4,1.3,+1.84%,1,3142,39.51%
2023-03-17 00:00:00,AAPL230317C00100000,25387,100.0,62.8,62.95,63.6,2.3,+3.80%,7,5235,37.65%
2023-03-17 00:00:00,AAPL230317C00105000,25387,105.0,58.35,58.75,59.2,1.27,+2.22%,13,1002,36.40%
2023-03-17 00:00:00,AAPL230317C00110000,25267,110.0,54.75,54.6,55.0,1.8,+3.40%,2,1642,35.50%
2023-03-17 00:00:00,AAPL230317C00115000,28927,115.0,49.4,50.45,50.8,0.35,+0.71%,5,1885,34.39%
2023-03-17 00:00:00,AAPL230317C00120000,25327,120.0,46.85,46.5,46.85,1.7,+3.77%,12,16771,33.64%
2023-03-17 00:00:00,AAPL230317C00125000,25147,125.0,42.95,42.85,43.05,1.95,+4.76%,158,6091,32.95%
2023-03-17 00:00:00,AAPL230317C00130000,25147,130.0,39.35,39.2,39.5,1.2,+3.15%,113,15035,32.48%
2023-03-17 00:00:00,AAPL230317C00135000,25147,135.0,35.9,35.85,36.1,0.9,+2.57%,32,3316,32.00%
2023-03-17 00:00:00,AAPL230317C00140000,25207,140.0,32.8,32.55,33.0,0.79,+2.47%,23,3515,31.75%
2023-03-17 00:00:00,AAPL230317C00145000,25147,145.0,29.7,29.55,29.8,0.7,+2.41%,15,1804,31.08%
2023-03-17 00:00:00,AAPL230317C00150000,25147,150.0,26.92,26.7,27.0,0.67,+2.55%,43,14941,30.77%
2023-03-17 00:00:00,AAPL230317C00155000,25267,155.0,24.2,24.15,24.5,0.64,+2.72%,47,3094,30.65%
2023-03-17 00:00:00,AAPL230317C00160000,25147,160.0,21.85,21.75,21.95,0.63,+2.97%,8,2992,30.20%
2023-03-17 00:00:00,AAPL230317C00165000,25207,165.0,19.8,19.6,19.75,1.0,+5.32%,11,4077,30.01%
2023-03-17 00:00:00,AAPL230317C00170000,25267,170.0,17.65,17.55,17.85,0.75,+4.44%,13,4042,30.00%
2023-03-17 00:00:00,AAPL230317C00175000,25207,175.0,16.0,15.8,16.0,0.8,+5.26%,8,2055,29.84%
2023-03-17 00:00:00,AAPL230317C00180000,25207,180.0,14.38,14.2,14.35,0.42,+3.01%,19,3979,29.74%
2023-03-17 00:00:00,AAPL230317C00190000,25267,190.0,11.46,11.4,11.6,0.46,+4.18%,21,3920,29.74%
2023-03-17 00:00:00,AAPL230317C00195000,25147,195.0,10.28,10.2,10.4,0.12,+1.18%,36,1240,29.72%
2023-03-17 00:00:00,AAPL230317C00200000,25147,200.0,9.26,9.15,9.3,0.36,+4.04%,119,18149,29.68%
2023-03-17 00:00:00,AAPL230317C00210000,25147,210.0,7.5,7.35,7.5,0.18,+2.46%,111,8987,29.75%
2023-03-17 00:00:00,AAPL230317C00240000,28747,240.0,3.94,3.95,4.05,0.88,+28.76%,124,134,30.27%
2023-03-17 00:00:00,AAPL230317C00250000,25327,250.0,3.35,3.25,3.4,0.81,+31.89%,61,142,30.66%
2023-03-17 00:00:00,AAPL230317C00260000,25327,260.0,2.77,2.68,2.83,0.17,+6.54%,153,878,30.94%
2023-06-16 00:00:00,AAPL230616C00060000,28927,60.0,99.25,100.25,100.9,0.35,+0.35%,2,2339,47.33%
2023-06-16 00:00:00,AAPL230616C00070000,25267,70.0,91.0,90.9,91.45,7.0,+8.33%,3,444,44.15%
2023-06-16 00:00:00,AAPL230616C00075000,28927,75.0,85.1,86.05,87.1,4.1,+5.06%,10,604,44.26%
2023-06-16 00:00:00,AAPL230616C00090000,29227,90.0,71.6,72.6,73.15,0.17,+0.24%,2,974,38.98%
2023-06-16 00:00:00,AAPL230616C00100000,25147,100.0,64.4,63.9,64.5,2.4,+3.87%,85,8502,37.09%
2023-06-16 00:00:00,AAPL230616C00110000,28687,110.0,55.15,55.6,56.2,0.8,+1.47%,12,1914,35.31%
2023-06-16 00:00:00,AAPL230616C00115000,25327,115.0,51.85,51.6,52.15,1.45,+2.88%,16,1090,34.36%
2023-06-16 00:00:00,AAPL230616C00120000,25327,120.0,48.08,47.85,48.4,1.58,+3.40%,18,4434,33.81%
2023-06-16 00:00:00,AAPL230616C00125000,25387,125.0,44.0,44.2,44.75,0.5,+1.15%,6,2076,33.21%
2023-06-16 00:00:00,AAPL230616C00130000,25327,130.0,41.0,40.75,41.25,1.4,+3.54%,43,4917,32.65%
2023-06-16 00:00:00,AAPL230616C00135000,25327,135.0,37.8,37.5,37.9,1.45,+3.99%,52,3286,32.12%
2023-06-16 00:00:00,AAPL230616C00140000,25327,140.0,34.65,34.4,34.8,0.86,+2.55%,34,3261,31.74%
2023-06-16 00:00:00,AAPL230616C00145000,25387,145.0,31.39,31.45,31.85,0.84,+2.75%,12,2759,31.36%
2023-06-16 00:00:00,AAPL230616C00150000,25147,150.0,28.92,28.85,29.1,1.18,+4.25%,183,9011,31.04%
2023-06-16 00:00:00,AAPL230616C00155000,25147,155.0,26.23,26.15,26.55,0.88,+3.47%,222,2897,30.78%
2023-06-16 00:00:00,AAPL230616C00160000,25147,160.0,23.85,23.85,24.15,0.77,+3.34%,154,6638,30.51%
2023-06-16 00:00:00,AAPL230616C00165000,25147,165.0,21.78,21.75,21.95,0.48,+2.25%,41,3559,30.30%
2023-06-16 00:00:00,AAPL230616C00170000,25207,170.0,19.95,19.65,20.0,0.87,+4.56%,258,5472,30.22%
2023-06-16 00:00:00,AAPL230616C00175000,25267,175.0,18.04,17.85,18.25,1.1,+6.49%,6,8138,30.20%
2023-06-16 00:00:00,AAPL230616C00180000,25267,180.0,16.37,16.35,16.5,0.42,+2.63%,120,11446,30.01%
2023-06-16 00:00:00,AAPL230616C00185000,25207,185.0,14.9,14.65,15.0,1.38,+10.21%,250,1128,29.98%
2023-06-16 00:00:00,AAPL230616C00190000,28867,190.0,13.1,13.35,13.6,0.1,+0.77%,30,2688,29.91%
2023-06-16 00:00:00,AAPL230616C00195000,25207,195.0,12.3,12.15,12.35,0.56,+4.77%,47,43672,29.89%
2023-06-16 00:00:00,AAPL230616C00200000,25207,200.0,11.1,11.0,11.2,0.3,+2.78%,201,4616,29.86%
2023-06-16 00:00:00,AAPL230616C00210000,28807,210.0,8.75,8.95,9.2,0.1,+1.16%,12,619,29.82%
2023-06-16 00:00:00,AAPL230616C00220000,28927,220.0,7.26,7.45,7.6,-0.1,-1.36%,3,3480,29.87%
2023-06-16 00:00:00,AAPL230616C00240000,25387,240.0,5.15,5.15,5.3,0.3,+6.19%,22,2367,30.20%
2023-06-16 00:00:00,AAPL230616C00250000,25327,250.0,4.45,4.25,4.45,0.25,+5.95%,87,17661,30.38%
2023-06-16 00:00:00,AAPL230616C00260000,25387,260.0,3.65,3.6,3.75,-0.04,-1.08%,9,5880,30.57%
2023-06-16 00:00:00,AAPL230616C00270000,29107,270.0,3.2,3.05,3.25,0.75,+30.61%,6,732,30.95%
2023-06-16 00:00:00,AAPL230616C00280000,30247,280.0,2.63,2.63,2.8,-0.02,-0.75%,1,111,31.24%
2023-06-16 00:00:00,AAPL230616C00300000,25147,300.0,2.06,2.0,2.08,0.01,+0.49%,29,8652,31.73%
2023-09-15 00:00:00,AAPL230915C00070000,29767,70.0,89.0,91.1,91.7,-0.2,-0.22%,1,20,42.26%
2023-09-15 00:00:00,AAPL230915C00075000,28747,75.0,86.0,84.6,87.2,1.2,+1.42%,21,1006,41.48%
2023-09-15 00:00:00,AAPL230915C00100000,25327,100.0,65.0,64.65,65.15,2.02,+3.21%,3,1150,36.01%
2023-09-15 00:00:00,AAPL230915C00105000,28807,105.0,59.69,60.55,61.1,4.62,+8.39%,19,155,35.34%
2023-09-15 00:00:00,AAPL230915C00110000,25387,110.0,56.49,56.55,57.2,1.14,+2.06%,1,454,34.78%
2023-09-15 00:00:00,AAPL230915C00115000,28927,115.0,51.95,52.75,53.35,-0.05,-0.10%,8,391,34.10%
2023-09-15 00:00:00,AAPL230915C00125000,25387,125.0,45.05,45.5,46.05,0.7,+1.58%,1,281,32.89%
2023-09-15 00:00:00,AAPL230915C00130000,25207,130.0,42.46,42.2,42.7,0.89,+2.14%,5,540,32.46%
2023-09-15 00:00:00,AAPL230915C00135000,25327,135.0,39.25,38.95,39.45,0.83,+2.16%,6,828,31.99%
2023-09-15 00:00:00,AAPL230915C00140000,28747,140.0,35.5,36.0,36.55,0.3,+0.85%,9,825,31.81%
2023-09-15 00:00:00,AAPL230915C00145000,25207,145.0,33.4,33.1,33.6,0.9,+2.77%,5,931,31.36%
2023-09-15 00:00:00,AAPL230915C00150000,25147,150.0,30.65,30.45,30.8,1.19,+4.04%,38,3626,30.93%
2023-09-15 00:00:00,AAPL230915C00155000,25147,155.0,28.26,27.9,28.4,0.75,+2.73%,24,962,30.82%
2023-09-15 00:00:00,AAPL230915C00160000,25207,160.0,26.0,25.6,26.0,1.0,+4.00%,59,3189,30.53%
2023-09-15 00:00:00,AAPL230915C00165000,28747,165.0,23.15,23.55,23.95,0.56,+2.48%,3,1119,30.48%
2023-09-15 00:00:00,AAPL230915C00170000,25147,170.0,21.75,21.55,21.9,0.96,+4.62%,126,4231,30.27%
2023-09-15 00:00:00,AAPL230915C00175000,28747,175.0,19.5,19.65,20.15,0.5,+2.63%,30,1987,30.26%
2023-09-15 00:00:00,AAPL230915C00180000,25147,180.0,18.3,18.0,18.35,1.02,+5.90%,28,1872,30.04%
2023-09-15 00:00:00,AAPL230915C00190000,25327,190.0,15.3,15.0,15.35,0.61,+4.15%,2,494,29.88%
2023-09-15 00:00:00,AAPL230915C00195000,29227,195.0,13.65,13.7,14.05,0.37,+2.79%,2,807,29.84%
2023-09-15 00:00:00,AAPL230915C00200000,25327,200.0,12.75,12.45,12.9,0.61,+5.02%,9,12696,29.86%
2023-09-15 00:00:00,AAPL230915C00205000,25207,205.0,11.6,11.45,11.8,0.7,+6.42%,2,292,29.83%
2023-09-15 00:00:00,AAPL230915C00210000,30787,210.0,10.0,10.45,10.8,-0.1,-0.99%,2,641,29.81%
2023-09-15 00:00:00,AAPL230915C00220000,28687,220.0,8.75,8.7,9.05,0.35,+4.17%,13,2270,29.80%
2023-09-15 00:00:00,AAPL230915C00230000,25207,230.0,7.5,7.3,7.65,0.36,+5.04%,1007,1404,29.90%
2023-09-15 00:00:00,AAPL230915C00240000,28747,240.0,6.1,6.15,6.45,-0.1,-1.61%,43,2755,29.96%
2023-09-15 00:00:00,AAPL230915C00250000,25387,250.0,5.2,5.15,5.5,-0.05,-0.95%,654,575,30.12%
2024-01-19 00:00:00,AAPL240119C00075000,25147,75.0,87.5,87.2,88.05,2.35,+2.76%,3,2071,41.25%
2024-01-19 00:00:00,AAPL240119C00090000,25327,90.0,74.3,73.95,74.8,1.34,+1.84%,3,590,37.62%
2024-01-19 00:00:00,AAPL240119C00100000,25147,100.0,66.3,65.7,66.55,1.35,+2.08%,14,1713,36.01%
2024-01-19 00:00:00,AAPL240119C00110000,28687,110.0,57.78,58.05,58.85,0.93,+1.64%,7,981,34.82%
2024-01-19 00:00:00,AAPL240119C00115000,28687,115.0,54.13,54.25,57.0,1.13,+2.13%,8,448,37.15%
2024-01-19 00:00:00,AAPL240119C00120000,25207,120.0,51.0,50.85,51.45,1.26,+2.53%,38,5423,33.47%
2024-01-19 00:00:00,AAPL240119C00125000,29587,125.0,46.6,47.55,48.15,0.3,+0.65%,4,553,33.15%
2024-01-19 00:00:00,AAPL240119C00130000,25387,130.0,44.2,44.4,44.85,1.1,+2.55%,16,1985,32.66%
2024-01-19 00:00:00,AAPL240119C00135000,25327,135.0,41.62,41.25,41.8,0.82,+2.01%,8,2050,32.34%
2024-01-19 00:00:00,AAPL240119C00140000,25207,140.0,38.6,38.25,38.85,0.9,+2.39%,219,2854,31.97%
2024-01-19 00:00:00,AAPL240119C00145000,25207,145.0,35.95,35.55,36.05,0.55,+1.55%,62,2984,31.64%
2024-01-19 00:00:00,AAPL240119C00150000,25147,150.0,33.35,33.15,33.35,1.15,+3.57%,86,10022,31.27%
2024-01-19 00:00:00,AAPL240119C00155000,25147,155.0,30.85,30.6,30.9,0.6,+1.98%,42,1166,31.04%
2024-01-19 00:00:00,AAPL240119C00160000,25147,160.0,28.53,28.2,28.7,0.98,+3.56%,1206,7870,30.94%
2024-01-19 00:00:00,AAPL240119C00165000,25387,165.0,26.14,26.2,26.55,0.38,+1.48%,37,1526,30.75%
2024-01-19 00:00:00,AAPL240119C00170000,25207,170.0,24.5,24.15,24.6,0.6,+2.51%,52,3786,30.65%
2024-01-19 00:00:00,AAPL240119C00175000,25207,175.0,22.75,22.3,22.8,0.9,+4.12%,1263,2677,30.58%
2024-01-19 00:00:00,AAPL240119C00180000,25147,180.0,21.0,20.7,21.05,0.45,+2.19%,60,1794,30.43%
2024-01-19 00:00:00,AAPL240119C00185000,25267,185.0,19.25,18.95,19.5,0.65,+3.49%,43,1020,30.39%
2024-01-19 00:00:00,AAPL240119C00190000,25147,190.0,17.88,17.6,18.05,0.92,+5.42%,256,6063,30.33%
2024-01-19 00:00:00,AAPL240119C00195000,25267,195.0,16.49,16.25,16.7,0.49,+3.06%,47,1460,30.28%
2024-01-19 00:00:00,AAPL240119C00200000,25147,200.0,15.25,15.2,15.3,0.55,+3.74%,324,5765,30.08%
2024-01-19 00:00:00,AAPL240119C00205000,25207,205.0,14.05,13.85,14.25,0.4,+2.93%,3,962,30.16%
2024-01-19 00:00:00,AAPL240119C00210000,25207,210.0,13.04,12.8,13.2,0.47,+3.74%,270,2611,30.15%
2024-01-19 00:00:00,AAPL240119C00215000,28867,215.0,11.67,11.85,12.2,0.27,+2.37%,66,418,30.12%
2024-01-19 00:00:00,AAPL240119C00220000,25267,220.0,11.25,10.95,11.3,0.25,+2.27%,162,582,30.11%
2024-01-19 00:00:00,AAPL240119C00225000,25207,225.0,10.32,10.15,10.45,0.22,+2.18%,13,313,30.09%
2024-01-19 00:00:00,AAPL240119C00230000,25207,230.0,9.56,9.35,9.65,0.36,+3.91%,165,491,30.05%
2024-01-19 00:00:00,AAPL240119C00235000,25207,235.0,8.91,8.65,8.95,0.76,+9.33%,10,366,30.07%
2024-01-19 00:00:00,AAPL240119C00240000,25207,240.0,8.2,8.0,8.3,0.2,+2.50%,183,154,30.08%
2024-01-19 00:00:00,AAPL240119C00245000,25267,245.0,7.52,7.45,7.75,0.55,+7.89%,4,80,30.17%
2024-01-19 00:00:00,AAPL240119C00250000,25147,250.0,7.15,7.0,7.2,0.3,+4.38%,174,2545,30.20%
2024-01-19 00:00:00,AAPL240119C00260000,25147,260.0,6.25,6.0,6.25,0.35,+5.93%,1451,4289,30.30%
